case_id,beneficiary_type,estate_ein_status,death_certificate_status,letters_testamentary_status,trust_document_status,guardianship_document_status,w8_ben_status,signature_status,destination_account_present,unknown_field_count,needs_attention,label_source
beneficiary_case_001,individual,not_applicable,present,not_applicable,not_applicable,not_applicable,not_applicable,present,1,0,0,deterministic_rules_proxy
beneficiary_case_002,individual,not_applicable,present,not_applicable,not_applicable,not_applicable,not_applicable,present,1,0,0,deterministic_rules_proxy
beneficiary_case_003,individual,not_applicable,present,not_applicable,not_applicable,not_applicable,not_applicable,present,1,0,0,deterministic_rules_proxy
beneficiary_case_004,individual,not_applicable,present,not_applicable,not_applicable,not_applicable,not_applicable,present,1,0,0,deterministic_rules_proxy
beneficiary_case_005,individual,not_applicable,present,not_applicable,not_applicable,not_applicable,not_applicable,present,1,0,0,deterministic_rules_proxy
beneficiary_case_006,individual,not_applicable,present,not_applicable,not_applicable,not_applicable,not_applicable,present,1,0,0,deterministic_rules_proxy
beneficiary_case_007,individual_child,not_applicable,present,not_applicable,not_applicable,not_applicable,not_applicable,present,1,0,0,deterministic_rules_proxy
beneficiary_case_008,individual,not_applicable,present,not_applicable,not_applicable,not_applicable,not_applicable,present,1,0,0,deterministic_rules_proxy
beneficiary_case_009,individual,not_applicable,present,not_applicable,not_applicable,not_applicable,not_applicable,present,1,0,0,deterministic_rules_proxy
beneficiary_case_010,individual,not_applicable,present,not_applicable,not_applicable,not_applicable,not_applicable,present,1,0,0,deterministic_rules_proxy
beneficiary_case_011,individual,not_applicable,not_found,not_applicable,not_applicable,not_applicable,not_applicable,present,1,0,1,deterministic_rules_proxy
beneficiary_case_012,individual_child,not_applicable,not_found,not_applicable,not_applicable,not_applicable,not_applicable,present,1,0,1,deterministic_rules_proxy
beneficiary_case_013,individual,not_applicable,not_found,not_applicable,not_applicable,not_applicable,not_applicable,present,1,0,1,deterministic_rules_proxy
beneficiary_case_014,individual_child,not_applicable,not_found,not_applicable,not_applicable,not_applicable,not_applicable,present,1,0,1,deterministic_rules_proxy
beneficiary_case_015,individual_child,not_applicable,not_found,not_applicable,not_applicable,not_applicable,not_applicable,present,1,0,1,deterministic_rules_proxy
beneficiary_case_016,child,not_applicable,not_found,not_applicable,not_applicable,not_applicable,not_applicable,present,1,0,1,deterministic_rules_proxy
beneficiary_case_017,child,not_applicable,not_found,not_applicable,not_applicable,not_applicable,not_applicable,present,1,0,1,deterministic_rules_proxy
beneficiary_case_018,individual_child,not_applicable,not_found,not_applicable,not_applicable,not_applicable,not_applicable,present,1,0,1,deterministic_rules_proxy
beneficiary_case_019,individual_child,not_applicable,not_found,not_applicable,not_applicable,not_applicable,not_applicable,present,1,0,1,deterministic_rules_proxy
beneficiary_case_020,child,not_applicable,not_found,not_applicable,not_applicable,not_applicable,not_applicable,present,1,0,1,deterministic_rules_proxy
beneficiary_case_021,estate,present,present,not_found,not_applicable,not_applicable,not_applicable,present,1,0,1,deterministic_rules_proxy
beneficiary_case_022,estate,present,present,not_found,not_applicable,not_applicable,not_applicable,present,1,0,1,deterministic_rules_proxy
beneficiary_case_024,estate,present,present,not_found,not_applicable,not_applicable,not_applicable,present,1,0,1,deterministic_rules_proxy
beneficiary_case_025,estate,present,present,not_found,not_applicable,not_applicable,not_applicable,present,1,0,1,deterministic_rules_proxy
beneficiary_case_027,estate,present,present,not_found,not_applicable,not_applicable,not_applicable,present,1,0,1,deterministic_rules_proxy
beneficiary_case_029,estate,present,present,not_found,not_applicable,not_applicable,not_applicable,present,1,0,1,deterministic_rules_proxy
beneficiary_case_031,estate,present,present,present,not_applicable,not_applicable,not_applicable,present,1,0,0,deterministic_rules_proxy
beneficiary_case_032,estate,present,present,present,not_applicable,not_applicable,not_applicable,present,1,0,0,deterministic_rules_proxy
beneficiary_case_033,estate,present,present,present,not_applicable,not_applicable,not_applicable,present,1,0,0,deterministic_rules_proxy
beneficiary_case_034,estate,present,present,present,not_applicable,not_applicable,not_applicable,present,1,0,0,deterministic_rules_proxy
beneficiary_case_035,estate,present,present,present,not_applicable,not_applicable,not_applicable,present,1,0,0,deterministic_rules_proxy
beneficiary_case_036,estate,present,present,present,not_applicable,not_applicable,not_applicable,present,1,0,0,deterministic_rules_proxy
beneficiary_case_037,estate,present,present,present,not_applicable,not_applicable,not_applicable,present,1,0,0,deterministic_rules_proxy
beneficiary_case_038,estate,present,present,present,not_applicable,not_applicable,not_applicable,present,1,0,0,deterministic_rules_proxy
beneficiary_case_039,estate,present,present,present,not_applicable,not_applicable,not_applicable,present,1,0,0,deterministic_rules_proxy
beneficiary_case_040,estate,present,present,present,not_applicable,not_applicable,not_applicable,present,1,0,0,deterministic_rules_proxy
beneficiary_case_041,trust,not_applicable,present,not_applicable,not_found,not_applicable,not_applicable,present,1,0,0,deterministic_rules_proxy
beneficiary_case_042,trust,not_applicable,present,not_applicable,not_found,not_applicable,not_applicable,present,1,0,0,deterministic_rules_proxy
beneficiary_case_043,trust,not_applicable,present,not_applicable,not_found,not_applicable,not_applicable,present,1,0,0,deterministic_rules_proxy
beneficiary_case_044,trust,not_applicable,present,not_applicable,not_found,not_applicable,not_applicable,present,1,0,0,deterministic_rules_proxy
beneficiary_case_045,trust,not_applicable,present,not_applicable,not_found,not_applicable,not_applicable,present,1,0,0,deterministic_rules_proxy
beneficiary_case_046,trust,not_applicable,present,not_applicable,not_found,not_applicable,not_applicable,present,1,0,0,deterministic_rules_proxy
beneficiary_case_047,trust,not_applicable,present,not_applicable,not_found,not_applicable,not_applicable,present,1,0,0,deterministic_rules_proxy
beneficiary_case_048,trust,not_applicable,present,not_applicable,not_found,not_applicable,not_applicable,present,1,0,0,deterministic_rules_proxy
beneficiary_case_049,trust,not_applicable,present,not_applicable,not_found,not_applicable,not_applicable,present,1,0,0,deterministic_rules_proxy
beneficiary_case_050,trust,not_applicable,present,not_applicable,not_found,not_applicable,not_applicable,present,1,0,0,deterministic_rules_proxy
beneficiary_case_051,minor,not_applicable,present,not_applicable,not_applicable,present,not_applicable,present,1,0,0,deterministic_rules_proxy
beneficiary_case_052,child,not_applicable,present,not_applicable,not_applicable,present,not_applicable,present,1,0,0,deterministic_rules_proxy
beneficiary_case_053,minor,not_applicable,present,not_applicable,not_applicable,present,not_applicable,present,1,0,0,deterministic_rules_proxy
beneficiary_case_054,child,not_applicable,present,not_applicable,not_applicable,present,not_applicable,present,1,0,0,deterministic_rules_proxy
beneficiary_case_055,minor,not_applicable,present,not_applicable,not_applicable,present,not_applicable,present,1,0,0,deterministic_rules_proxy
beneficiary_case_056,minor,not_applicable,present,not_applicable,not_applicable,present,not_applicable,present,1,0,0,deterministic_rules_proxy
beneficiary_case_057,minor,not_applicable,present,not_applicable,not_applicable,present,not_applicable,present,1,0,0,deterministic_rules_proxy
beneficiary_case_058,child,not_applicable,present,not_applicable,not_applicable,present,not_applicable,present,1,0,0,deterministic_rules_proxy
beneficiary_case_059,child,not_applicable,present,not_applicable,not_applicable,present,not_applicable,present,1,0,0,deterministic_rules_proxy
beneficiary_case_060,minor,not_applicable,present,not_applicable,not_applicable,present,not_applicable,present,1,0,0,deterministic_rules_proxy
beneficiary_case_061,individual,not_applicable,present,not_applicable,not_applicable,not_applicable,not_found,present,1,0,0,deterministic_rules_proxy
beneficiary_case_062,individual,not_applicable,present,not_applicable,not_applicable,not_applicable,not_found,present,1,0,0,deterministic_rules_proxy
beneficiary_case_063,individual_child,not_applicable,present,not_applicable,not_applicable,not_applicable,unknown,present,1,1,0,deterministic_rules_proxy
beneficiary_case_064,individual,not_applicable,present,not_applicable,not_applicable,not_applicable,not_found,present,1,0,0,deterministic_rules_proxy
beneficiary_case_065,individual,not_applicable,present,not_applicable,not_applicable,not_applicable,not_found,present,1,0,0,deterministic_rules_proxy
beneficiary_case_066,individual_child,not_applicable,present,not_applicable,not_applicable,not_applicable,unknown,present,1,1,0,deterministic_rules_proxy
beneficiary_case_067,individual,not_applicable,present,not_applicable,not_applicable,not_applicable,not_found,present,1,0,0,deterministic_rules_proxy
beneficiary_case_068,individual,not_applicable,present,not_applicable,not_applicable,not_applicable,unknown,present,1,1,0,deterministic_rules_proxy
beneficiary_case_069,individual,not_applicable,present,not_applicable,not_applicable,not_applicable,not_found,present,1,0,0,deterministic_rules_proxy
beneficiary_case_070,individual,not_applicable,present,not_applicable,not_applicable,not_applicable,unknown,present,1,1,0,deterministic_rules_proxy
beneficiary_case_071,individual,not_applicable,present,not_applicable,not_applicable,not_applicable,not_applicable,not_found,1,0,1,deterministic_rules_proxy
beneficiary_case_072,individual,not_applicable,present,not_applicable,not_applicable,not_applicable,not_applicable,not_found,1,0,1,deterministic_rules_proxy
beneficiary_case_073,individual,not_applicable,present,not_applicable,not_applicable,not_applicable,not_applicable,not_found,1,0,1,deterministic_rules_proxy
beneficiary_case_074,individual,not_applicable,present,not_applicable,not_applicable,not_applicable,not_applicable,not_found,1,0,1,deterministic_rules_proxy
beneficiary_case_075,individual,not_applicable,present,not_applicable,not_applicable,not_applicable,not_applicable,not_found,1,0,1,deterministic_rules_proxy
beneficiary_case_076,individual,not_applicable,present,not_applicable,not_applicable,not_applicable,not_applicable,not_found,1,0,1,deterministic_rules_proxy
beneficiary_case_077,individual,not_applicable,present,not_applicable,not_applicable,not_applicable,not_applicable,not_found,1,0,1,deterministic_rules_proxy
beneficiary_case_078,individual,not_applicable,present,not_applicable,not_applicable,not_applicable,not_applicable,not_found,1,0,1,deterministic_rules_proxy
beneficiary_case_079,individual,not_applicable,present,not_applicable,not_applicable,not_applicable,not_applicable,not_found,1,0,1,deterministic_rules_proxy
beneficiary_case_080,individual,not_applicable,present,not_applicable,not_applicable,not_applicable,not_applicable,not_found,1,0,1,deterministic_rules_proxy
beneficiary_case_081,spouse,not_applicable,present,not_applicable,not_applicable,not_applicable,not_applicable,present,1,0,0,deterministic_rules_proxy
beneficiary_case_082,spouse,not_applicable,present,not_applicable,not_applicable,not_applicable,not_applicable,present,1,0,0,deterministic_rules_proxy
beneficiary_case_083,spouse,not_applicable,present,not_applicable,not_applicable,not_applicable,not_applicable,present,1,0,0,deterministic_rules_proxy
beneficiary_case_084,spouse,not_applicable,present,not_applicable,not_applicable,not_applicable,not_applicable,present,1,0,0,deterministic_rules_proxy
beneficiary_case_085,spouse,not_applicable,present,not_applicable,not_applicable,not_applicable,not_applicable,present,1,0,0,deterministic_rules_proxy
beneficiary_case_086,spouse,not_applicable,present,not_applicable,not_applicable,not_applicable,not_applicable,present,1,0,0,deterministic_rules_proxy
beneficiary_case_087,spouse,not_applicable,present,not_applicable,not_applicable,not_applicable,not_applicable,present,1,0,0,deterministic_rules_proxy
beneficiary_case_088,spouse,not_applicable,present,not_applicable,not_applicable,not_applicable,not_applicable,present,1,0,0,deterministic_rules_proxy
beneficiary_case_089,spouse,not_applicable,present,not_applicable,not_applicable,not_applicable,not_applicable,present,1,0,0,deterministic_rules_proxy
beneficiary_case_090,spouse,not_applicable,present,not_applicable,not_applicable,not_applicable,not_applicable,present,1,0,0,deterministic_rules_proxy
beneficiary_case_091,individual,not_applicable,present,not_applicable,not_applicable,not_applicable,not_applicable,present,1,0,0,deterministic_rules_proxy
beneficiary_case_092,individual,not_applicable,present,not_applicable,not_applicable,not_applicable,not_applicable,present,1,0,0,deterministic_rules_proxy
beneficiary_case_093,individual,not_applicable,present,not_applicable,not_applicable,not_applicable,not_applicable,present,1,0,0,deterministic_rules_proxy
beneficiary_case_094,individual,not_applicable,present,not_applicable,not_applicable,not_applicable,not_applicable,present,1,0,0,deterministic_rules_proxy
beneficiary_case_095,individual,not_applicable,present,not_applicable,not_applicable,not_applicable,not_applicable,present,1,0,0,deterministic_rules_proxy
beneficiary_case_096,individual,not_applicable,present,not_applicable,not_applicable,not_applicable,not_applicable,present,1,0,0,deterministic_rules_proxy
beneficiary_case_097,individual_child,not_applicable,present,not_applicable,not_applicable,not_applicable,not_applicable,present,1,0,0,deterministic_rules_proxy
beneficiary_case_098,individual,not_applicable,present,not_applicable,not_applicable,not_applicable,not_applicable,present,1,0,0,deterministic_rules_proxy
beneficiary_case_099,individual,not_applicable,present,not_applicable,not_applicable,not_applicable,not_applicable,present,1,0,0,deterministic_rules_proxy
beneficiary_case_100,individual,not_applicable,present,not_applicable,not_applicable,not_applicable,not_applicable,present,1,0,0,deterministic_rules_proxy
